"","Chrom","JN626286.1","LN864819.1","NZ_KX523901.1"
"1","Pseudomonas_aeruginosa_","350","450","74"
"2","Burkholderia_cepacia_","190","260","72"
"3","Pseudomonas_oleovorans_","0","0","0"
"4","Xanthomonas_campestris_pv._campestris_","152","152","55"
"5","Agrobacterium_rhizogenes_","147","147","0"
"6","Sinorhizobium_fredii_NGR234_","99","99","0"
"7","Acinetobacter_baumannii_","0","0","0"
"8","Alcaligenes_faecalis_","26","26","0"
"9","Pantoea_agglomerans_","34","34","0"
"10","Klebsiella_oxytoca_","135","173","51"
"11","Klebsiella_pneumoniae_","46","46","0"
"12","Proteus_vulgaris_","56","40","0"
"13","Yersinia_pseudotuberculosis_","134","111","92"
"14","Vibrio_vulnificus_","71","71","0"
"15","Pasteurella_multocida_","75","75","46"
"16","Pasteurella_pneumotropica_","27","27","0"
"17","Chlamydia_trachomatis_","64","64","40"
"18","Campylobacter_ureolyticus_","82","82","24"
"19","Desulfovibrio_vulgaris_str._Hildenborough_","112","118","122"
"20","Desulfovibrio_vulgaris_str._'Miyazaki_F'_","28","28","0"
"21","Flavobacterium_hydatis_","21","21","0"
"22","Erythrobacter_longus_","16","16","0"
"23","Synechococcus_elongatus_PCC_7942_","33","33","0"
"24","Synechocystis_sp._PCC_6714_","36","59","32"
"25","Synechocystis_sp._PCC_6803_","Synechocystis_sp._PCC_6803_","Synechocystis_sp._PCC_6803_","Synechocystis_sp._PCC_6803_"
"26","Leuconostoc_lactis_","0","0","0"
"27","Dermacoccus_nishinomiyaensis_","0","0","0"
"28","Staphylococcus_aureus_","106","129","84"
"29","Staphylococcus_xylosus_","21","21","0"
"30","Streptococcus_pyogenes_","51","51","51"
"31","Streptococcus_iniae_","0","0","0"
"32","Bacillus_cereus_","45","45","0"
"33","Bacillus_mycoides_","29","29","0"
"34","Clostridium_sp._ATCC_29733_","0","0","0"
"35","[Clostridium]_sticklandii_","57","57","0"
"36","Lactobacillus_animalis_","0","0","0"
"37","Bifidobacterium_adolescentis_","9","12","0"
"38","Bifidobacterium_coryneforme_","0","0","0"
"39","Bifidobacterium_cuniculi_","0","0","0"
"40","Bifidobacterium_pseudolongum_subsp._globosum_","0","0","0"
"41","Bifidobacterium_magnum_","0","0","0"
"42","Bifidobacterium_minimum_","0","0","0"
"43","Oerskovia_turbata_","0","0","0"
"44","Corynebacterium_pseudotuberculosis_","48","33","0"
"45","Rhodococcus_fascians_","8","8","0"
"46","Actinoplanes_utahensis_","0","0","0"
"47","Streptomyces_aureofaciens_","0","0","0"
"48","Streptomyces_bikiniensis_","0","0","0"
"49","Streptomyces_fradiae_","0","0","0"
"50","Streptomyces_glaucescens_","21","21","0"
"51","Streptomyces_halstedii_","0","0","0"
"52","Streptomyces_sclerotialus_","0","0","0"
"53","Streptomyces_virginiae_","0","0","0"
"54","Streptomyces_cellulosae_","0","0","0"
"55","Microtetraspora_glauca_","0","0","0"
"56","Streptosporangium_amethystogenes_","0","0","0"
"57","Pimelobacter_simplex_","0","0","0"
"58","Gordonia_terrae_","106","170","69"
"59","Pseudonocardia_autotrophica_","0","0","0"
"60","Mycoplasma_agalactiae_","38","38","0"
"61","Mycoplasma_californicum_","49","49","49"
"62","Thermoanaerobacter_kivui_","69","77","42"
"63","Solemya_velum_gill_symbiont_","39","39","0"
"64","Candidatus_Sodalis_pierantonius_str._SOPE_","51","53","46"
"65","Fervidobacterium_islandicum_","0","0","0"
"66","Synergistes_jonesii_","0","0","0"
"67","Dactylococcopsis_salina_PCC_8305_","17","17","0"
"68","Sphingomonas_paucimobilis_","118","136","0"
"69","Sphingobium_yanoikuyae_","109","120","32"
"70","Saccharopolyspora_rectivirgula_","0","0","0"
"71","Nostoc_sp._PCC_7524_","25","25","0"
"72","Porphyromonas_macacae_","0","0","0"
"73","Yersinia_kristensenii_","148","148","78"
"74","Candidatus_Photodesmus_katoptron_","46","46","42"
"75","Colwellia_psychrerythraea_","0","0","0"
"76","Cobetia_marina_","0","0","0"
"77","Herbidospora_cretacea_","0","0","0"
"78","Streptomyces_griseoluteus_","0","0","0"
"79","Yersinia_ruckeri_","121","103","62"
"80","Vibrio_navarrensis_","23","23","0"
"81","Janthinobacterium_lividum_","252","252","115"
"82","Bifidobacterium_pseudolongum_subsp._pseudolongum_","0","0","0"
"83","Clavibacter_michiganensis_subsp._sepedonicus_","26","26","0"
"84","Campylobacter_sputorum_biovar_sputorum_","0","0","0"
"85","Pseudomonas_stutzeri_ATCC_14405_=_CCUG_16156_","0","0","0"
"86","Synechococcus_sp._PCC_7002_","28","46","0"
"87","Synechococcus_sp._WH_7803_","36","36","54"
"88","Calothrix_sp._PCC_7103_","0","0","0"
"89","Blautia_producta_","0","0","0"
"90","Catenuloplanes_japonicus_","0","0","0"
"91","Streptomyces_galbus_","0","0","0"
"92","Bifidobacterium_thermophilum_","0","0","0"
"93","Paracoccus_versutus_","59","59","0"
"94","Citrobacter_amalonaticus_","34","34","0"
"95","Dactylosporangium_aurantiacum_","0","0","0"
"96","Bifidobacterium_choerinum_","0","0","0"
"97","Bacillus_thermoamylovorans_","120","120","62"
"98","Mycobacterium_abscessus_","105","105","77"
"99","Wigglesworthia_glossinidia_endosymbiont_of_Glossina_brevipalpis_","Wigglesworthia_glossinidia_endosymbiont_of_Glossina_brevipalpis_","Wigglesworthia_glossinidia_endosymbiont_of_Glossina_brevipalpis_","Wigglesworthia_glossinidia_endosymbiont_of_Glossina_brevipalpis_"
"100","Porphyromonas_cangingivalis_","0","0","0"
"101","Porphyromonas_canoris_","0","0","0"
"102","Clostridium_algidicarnis_","0","0","0"
"103","Candidatus_Phytoplasma_mali_","0","0","0"
"104","Rhodococcus_opacus_","93","93","93"
"105","Streptococcus_equi_subsp._zooepidemicus_","0","0","0"
"106","Acinetobacter_junii_","0","0","0"
"107","Acinetobacter_sp._CIP-A165_","0","0","0"
"108","Lentzea_albidocapillata_","0","0","0"
"109","Cyanothece_sp._PCC_8801_","25","25","0"
"110","Rubrobacter_radiotolerans_","20","20","0"
"111","Halomonas_salina_","24","24","0"
"112","Prauserella_rugosa_","0","0","0"
"113","Streptomyces_wedmorensis_","0","0","0"
"114","Cyanothece_sp._ATCC_51142_","56","82","35"
"115","Streptomyces_megasporus_","0","0","0"
"116","Paenibacillus_durus_","28","28","0"
"117","Mycobacterium_avium_subsp._avium_","60","60","60"
"118","Mycoplasma_conjunctivae_","36","36","0"
"119","Anabaena_sp._90_","41","28","0"
"120","Weissella_hellenica_","0","0","0"
"121","Sphingobium_chlorophenolicum_","131","131","0"
"122","Streptomyces_olivaceus_","0","0","0"
"123","Streptomyces_lydicus_","0","0","0"
"124","Mycobacterium_triplex_","78","78","59"
"125","Helicobacter_trogontum_","0","0","0"
"126","Sulfitobacter_sp._EE-36_","0","0","0"
"127","Pectobacterium_betavasculorum_","31","31","0"
"128","Vibrio_anguillarum_","104","120","76"
"129","Streptomyces_toyocaensis_","0","0","0"
"130","Cylindrospermum_stagnale_PCC_7417_","23","23","0"
"131","Oscillatoria_acuminata_PCC_6304_","21","21","0"
"132","Syntrophus_aciditrophicus_SB_","30","30","0"
"133","Spirillospora_albida_","0","0","0"
"134","Streptomyces_celluloflavus_","0","0","0"
"135","Rickettsiella_grylli_","11","11","0"
"136","Fibrobacter_succinogenes_subsp._succinogenes_S85_","49","49","49"
"137","Candidatus_Phytoplasma_australiense_","35","35","35"
"138","Prochlorococcus_marinus_subsp._pastoris_str._CCMP1986_","21","21","56"
"139","Prochlorococcus_marinus_str._MIT_9107_","0","0","0"
"140","Prochlorococcus_marinus_str._GP2_","0","0","0"
"141","Prochlorococcus_marinus_str._SB_","0","0","0"
"142","Synechococcus_sp._WH_7805_","0","0","0"
"143","Lactobacillus_paraplantarum_","0","0","0"
"144","Pluralibacter_gergoviae_","45","45","0"
"145","Azoarcus_sp._BH72_","156","147","80"
"146","Acinetobacter_sp._ADP1_","88","88","75"
"147","Nostoc_punctiforme_PCC_73102_","27","27","0"
"148","Synechococcus_sp._CC9311_","0","0","39"
"149","Halothece_sp._PCC_7418_","21","21","0"
"150","Cyanothece_sp._PCC_7424_","23","23","0"
"151","Actinoalloteichus_cyanogriseus_","0","0","0"
"152","Pantoea_stewartii_","80","73","45"
"153","Streptomyces_niger_","0","0","0"
"154","Streptomyces_violens_","0","0","0"
"155","Streptomyces_roseoverticillatus_","0","0","0"
"156","Bacillus_clausii_KSM-K16_","121","121","66"
"157","Streptomyces_atroolivaceus_","0","0","0"
"158","Streptomyces_bicolor_","Streptomyces_bicolor_","Streptomyces_bicolor_","Streptomyces_bicolor_"
"159","Streptomyces_catenulae_","0","0","0"
"160","Streptomyces_griseorubens_","0","0","0"
"161","Streptomyces_albus_subsp._albus_","0","0","0"
"162","Streptomyces_alboflavus_","87","87","62"
"163","Streptomyces_aureocirculatus_","0","0","0"
"164","Streptomyces_californicus_","0","0","0"
"165","Streptomyces_lavenduligriseus_","0","0","0"
"166","Streptomyces_mutabilis_","0","0","0"
"167","Streptomyces_purpeofuscus_","0","0","0"
"168","Streptomyces_resistomycificus_","0","0","0"
"169","Streptomyces_varsoviensis_","0","0","0"
"170","Lechevalieria_aerocolonigenes_","0","0","0"
"171","Streptomyces_durhamensis_","0","0","0"
"172","Streptomyces_flavochromogenes_","0","0","0"
"173","Streptomyces_iakyrus_","0","0","0"
"174","Streptomyces_katrae_","0","0","0"
"175","Streptomyces_pyridomyceticus_","0","0","0"
"176","Streptomyces_albulus_","0","0","0"
"177","Synechococcus_sp._WH_5701_","0","0","0"
"178","Aquamicrobium_defluvii_","31","31","0"
"179","Pseudomonas_sp._VLB120_","32","67","0"
"180","Caulobacter_henricii_","0","0","0"
"181","Haemophilus_influenzae_Rd_KW20_","72","72","45"
"182","Streptomyces_seoulensis_","0","0","0"
"183","Prochlorococcus_marinus_str._MIT_9302_","0","0","0"
"184","Prochlorococcus_marinus_str._MIT_9312_","0","0","0"
"185","Prochlorococcus_marinus_str._MIT_9313_","24","24","55"
"186","Thiomonas_intermedia_K12_","28","74","0"
"187","Aromatoleum_aromaticum_EbN1_","252","297","101"
"188","Mycetocola_saprophilus_","0","0","0"
"189","Pseudomonas_putida_GB-1_","28","28","0"
"190","Bifidobacterium_subtile_","0","0","0"
"191","Xanthobacter_autotrophicus_Py2_","26","26","0"
"192","Bifidobacterium_gallinarum_","0","0","0"
"193","Bifidobacterium_merycicum_","0","0","0"
"194","Bifidobacterium_ruminantium_","0","0","0"
"195","Pectobacterium_carotovorum_subsp._odoriferum_","31","31","0"
"196","Pseudanabaena_sp._PCC_7367_","18","18","0"
"197","Serratia_grimesii_","30","30","0"
"198","Serratia_plymuthica_","33","33","0"
"199","Sulfitobacter_mediterraneus_","28","28","0"
"200","Mycobacterium_tuberculosis_H37Rv_","161","161","84"
"201","gamma_proteobacterium_HdN1_","223","247","69"
"202","Lysobacter_antibioticus_","75","75","52"
"203","Synechococcus_sp._WH_8102_","40","40","55"
"204","Thauera_sp._MZ1T_","32","32","0"
"205","Helicobacter_pylori_26695_","121","121","57"
"206","Helicobacter_pylori_J99_","104","109","55"
"207","endosymbiont_of_Acanthamoeba_sp._UWC8_","0","0","0"
"208","Clostridium_pasteurianum_BC1_","29","29","0"
"209","Pseudoalteromonas_tunicata_D2_","0","0","0"
"210","Roseovarius_nubinhibens_ISM_","21","21","0"
"211","Salmonella_enterica_subsp._enterica_serovar_Typhimurium_","42","42","0"
"212","Thiomicrospira_sp._Milos-T1_","0","0","0"
"213","Thiomicrospira_sp._Milos-T2_","0","0","0"
"214","Synechococcus_sp._PCC_7335_","24","24","0"
"215","Candidatus_Paracaedibacter_acanthamoebae_","0","0","0"
"216","Prochlorococcus_marinus_str._MIT_9201_","0","0","0"
"217","Prochlorococcus_marinus_str._MIT_9211_","0","0","35"
"218","Prochlorococcus_marinus_str._MIT_9215_","0","0","31"
"219","Pandoraea_pnomenusa_","27","27","0"
"220","Shewanella_sp._ANA-3_","36","36","0"
"221","Bordetella_petrii_","96","104","0"
"222","Pseudomonas_sp._M1_","0","0","0"
"223","Desulfococcus_oleovorans_Hxd3_","34","34","0"
"224","Lactobacillus_sp._ASF360_","0","0","0"
"225","Clostridium_sp._ASF356_","0","0","0"
"226","Clostridium_sp._ASF502_","0","0","0"
"227","Fischerella_thermalis_PCC_7521_","0","0","0"
"228","Calothrix_sp._PCC_7507_","22","22","0"
"229","Streptomyces_coelicolor_A3","0","0","0"
"230","Wolbachia_endosymbiont_of_Onchocerca_ochengi_","0","0","0"
"231","Rhodococcus_jostii_RHA1_","24","24","0"
"232","Xenococcus_sp._PCC_7305_","21","21","0"
"233","Leptolyngbya_sp._PCC_7375_","22","22","0"
"234","Gloeocapsa_sp._PCC_73106_","22","22","0"
"235","Nostoc_sp._PCC_7120_","Nostoc_sp._PCC_7120_","Nostoc_sp._PCC_7120_","Nostoc_sp._PCC_7120_"
"236","Saccharothrix_syringae_","0","0","0"
"237","Serratia_sp._ATCC_39006_","34","34","0"
"238","Streptacidiphilus_neutrinimicus_","0","0","0"
"239","Streptacidiphilus_carbonis_","0","0","0"
"240","Streptacidiphilus_albus_","0","0","0"
"241","Nitrosococcus_watsonii_C-113_","0","0","0"
"242","Frankia_sp._CcI3_","0","0","0"
"243","Acinetobacter_bereziniae_","29","48","0"
"244","Methylosinus_sp._LW3_","0","0","0"
"245","Methylosinus_sp._PW1_","0","0","0"
"246","Buchnera_aphidicola_str._APS_","Buchnera_aphidicola_str._APS_","Buchnera_aphidicola_str._APS_","Buchnera_aphidicola_str._APS_"
"247","Nocardioides_sp._CF8_","0","0","0"
"248","Synechococcus_sp._CC9605_","0","0","0"
"249","Synechococcus_sp._CC9616_","0","0","0"
"250","Porphyromonas_gulae_","0","0","0"
"251","Stanieria_cyanosphaera_PCC_7437_","20","20","0"
"252","Leptolyngbya_sp._PCC_7376_","20","20","0"
"253","Geminocystis_herdmanii_PCC_6308_","0","0","0"
"254","Bradyrhizobium_sp._Tv2a-2_","0","0","0"
"255","Bradyrhizobium_sp._ORS_278_","127","132","72"
"256","Chlamydophila_pneumoniae_AR39_","55","55","42"
"257","Chlamydophila_pneumoniae_CWL029_","62","62","45"
"258","Chrysiogenes_arsenatis_DSM_11915_","0","0","0"
"259","Pleurocapsa_sp._PCC_7319_","0","0","0"
"260","Pleurocapsa_sp._PCC_7327_","23","23","0"
"261","Nodosilinea_nodulosa_PCC_7104_","0","0","0"
"262","Coleofasciculus_chthonoplastes_PCC_7420_","23","23","0"
"263","Pseudanabaena_sp._PCC_6802_","0","0","0"
"264","Persephonella_marina_EX-H1_","50","50","0"
"265","Bordetella_trematum_","42","42","0"
"266","Actinoplanes_sp._SE50-110_","Actinoplanes_sp._SE50-110_","Actinoplanes_sp._SE50-110_","Actinoplanes_sp._SE50-110_"
"267","Kocuria_polaris_","0","0","0"
"268","Methylosinus_sp._LW4_","0","0","0"
"269","Desulfitobacterium_hafniense_Y51_","69","69","0"
"270","Lachnobacterium_bovis_","0","0","0"
"271","Zobellia_uliginosa_","0","0","0"
"272","Prochlorococcus_marinus_str._AS9601_","0","0","31"
"273","Streptomyces_griseofuscus_","0","0","0"
"274","Lactobacillus_kunkeei_","24","24","0"
"275","Kozakia_baliensis_","16","16","0"
"276","Sporocytophaga_myxococcoides_","0","0","0"
"277","Nitrosomonas_sp._AL212_","0","0","0"
"278","Gallibacterium_genomosp._1_","27","27","0"
"279","Escherichia_coli_O157:H7_str._EDL933_","99","67","21"
"280","Alteromonadales_bacterium_TW-7_","0","0","0"
"281","Magnetococcus_marinus_MC-1_","0","0","0"
"282","Corynebacterium_imitans_","36","49","0"
"283","Pseudomonas_cremoricolorata_","25","25","0"
"284","Sphaerochaeta_globosa_str._Buddy_","0","0","0"
"285","Sphaerochaeta_pleomorpha_str._Grapes_","0","0","0"
"286","Novosphingobium_resinovorum_","75","75","58"
"287","Bifidobacterium_scardovii_","0","0","0"
"288","Cedecea_neteri_","90","90","0"
"289","Dechloromonas_aromatica_RCB_","32","32","0"
"290","Burkholderia_sacchari_","35","35","0"
"291","Pseudomonas_putida_KT2440_","320","299","76"
"292","Xylella_fastidiosa_9a5c_","13","13","0"
"293","Paenibacillus_borealis_","0","0","0"
"294","Thermodesulfobacterium_hydrogeniphilum_","0","0","0"
"295","Erythrobacter_sp._SD-21_","0","0","0"
"296","Wolbachia_endosymbiont_of_Drosophila_melanogaster_","43","43","43"
"297","Anabaena_sp._PCC_7108_","0","0","0"
"298","Mycobacterium_sp._JLS_","0","0","0"
"299","Synechococcus_sp._WH_8109_","39","39","52"
"300","Synechococcus_sp._WH_8016_","0","0","0"
"301","Prochlorococcus_marinus_subsp._marinus_str._CCMP1375_","0","0","15"
"302","Prochlorococcus_marinus_str._MIT_9515_","0","0","32"
"303","Prochlorococcus_marinus_str._MIT_9301_","0","0","31"
"304","Prochlorococcus_marinus_str._MIT_9314_","0","0","0"
"305","Prochlorococcus_marinus_str._MIT_9322_","0","0","0"
"306","Prochlorococcus_marinus_str._NATL1A_","0","0","35"
"307","Listeria_monocytogenes_EGD-e_","114","114","70"
"308","Streptococcus_pneumoniae_TIGR4_","40","40","40"
"309","Streptococcus_pneumoniae_R6_","0","30","0"
"310","Oceanobacillus_picturae_","98","168","79"
"311","Elizabethkingia_miricola_","45","45","18"
"312","Bradyrhizobium_sp._th.b2_","0","0","0"
"313","Streptococcus_sinensis_","0","0","0"
"314","Staphylococcus_epidermidis_RP62A_","112","112","93"
"315","Staphylococcus_epidermidis_ATCC_12228_","93","120","76"
"316","Agrobacterium_fabrum_str._C58_","127","154","84"
"317","Francisella_tularensis_subsp._tularensis_SCHU_S4_","82","77","47"
"318","Desulfobacterium_autotrophicum_HRM2_","67","74","7"
"319","Desulfotalea_psychrophila_LSv54_","0","0","0"
"320","Acetobacter_malorum_","0","0","0"
"321","Oscillatoria_nigro-viridis_PCC_7112_","19","19","0"
"322","Cyanobium_sp._PCC_7001_","72","158","52"
"323","Robinsoniella_peoriensis_","0","0","0"
"324","Chlamydophila_pneumoniae_TW-183_","43","43","43"
"325","Helicobacter_cetorum_MIT_00-7128_","16","16","0"
"326","Candidatus_Baumannia_cicadellinicola_","0","0","0"
"327","Alkalilimnicola_ehrlichii_MLHE-1_","33","33","0"
"328","Methylocystis_sp._SC2_","22","22","0"
"329","Dermacoccus_sp._Ellin185_","0","58","0"
"330","Paenibacillus_graminis_","29","29","0"
"331","Paenibacillus_odorifer_","0","0","0"
"332","Bradyrhizobium_sp._Ec3.3_","0","0","0"
"333","Fusobacterium_nucleatum_subsp._nucleatum_ATCC_25586_","39","39","39"
"334","Xanthomonas_axonopodis_pv._citri_str._306_","66","75","17"
"335","Caulobacter_crescentus_CB15_","89","89","58"
"336","Corynebacterium_atypicum_","0","0","0"
"337","Campylobacter_jejuni_subsp._jejuni_NCTC_11168_=_ATCC_700819_","155","155","62"
"338","Chlorobium_tepidum_TLS_","0","0","0"
"339","Sphingomonas_sp._ATCC_31555_","0","0","0"
"340","Clostridium_perfringens_ATCC_13124_","53","53","26"
"341","Haematobacter_massiliensis_","29","29","0"
"342","Synechococcus_sp._PCC_7336_","0","0","0"
"343","Synechococcus_sp._PCC_6312_","80","80","0"
"344","Nocardioides_sp._JS614_","0","0","0"
"345","Corynebacterium_efficiens_YS-314_","Corynebacterium_efficiens_YS-314_","Corynebacterium_efficiens_YS-314_","Corynebacterium_efficiens_YS-314_"
"346","Burkholderia_sordidicola_","0","0","0"
"347","Bradyrhizobium_sp._Ai1a-2_","0","0","0"
"348","Corynebacterium_glutamicum_ATCC_13032_","81","94","38"
"349","Thermosynechococcus_elongatus_BP-1_","Thermosynechococcus_elongatus_BP-1_","Thermosynechococcus_elongatus_BP-1_","Thermosynechococcus_elongatus_BP-1_"
"350","Bacillus_anthracis_str._Ames_","124","124","40"
"351","Shigella_flexneri_2a_str._301_","147","130","84"
"352","Anoxybacillus_gonensis_","27","27","0"
"353","Dickeya_dadantii_3937_","113","101","65"
"354","Buchnera_aphidicola_str._Sg_","38","38","38"
"355","Escherichia_coli_CFT073_","103","102","71"
"356","Listeria_ivanovii_subsp._londoniensis_","0","0","0"
"357","Acinetobacter_gerneri_","0","0","0"
"358","Acinetobacter_tandoii_","0","0","0"
"359","Acinetobacter_tjernbergiae_","0","0","0"
"360","Acinetobacter_towneri_","0","0","0"
"361","Ruminiclostridium_thermocellum_ATCC_27405_","0","0","0"
"362","Leuconostoc_mesenteroides_subsp._mesenteroides_ATCC_8293_","0","0","0"
"363","Saccharophagus_degradans_2-40_","18","18","0"
"364","Oenococcus_oeni_PSU-1_","0","0","0"
"365","Trichodesmium_erythraeum_IMS101_","21","21","0"
"366","Tropheryma_whipplei_str._Twist_","33","33","0"
"367","Tannerella_forsythia_ATCC_43037_","86","86","69"
"368","Candidatus_Blochmannia_floridanus_","30","30","30"
"369","Sulfurihydrogenibium_azorense_Az-Fu1_","41","41","0"
"370","Candidatus_Koribacter_versatilis_Ellin345_","24","24","0"
"371","Herminiimonas_arsenicoxydans_","108","108","47"
"372","Haemophilus_somnus_129PT_","29","29","0"
"373","Pseudomonas_syringae_pv._syringae_B728a_","30","30","0"
"374","Ehrlichia_chaffeensis_str._Arkansas_","36","36","36"
"375","Pseudomonas_fluorescens_Pf0-1_","122","122","74"
"376","Desulfovibrio_alaskensis_G20_","Desulfovibrio_alaskensis_G20_","Desulfovibrio_alaskensis_G20_","Desulfovibrio_alaskensis_G20_"
"377","Neptuniibacter_caesariensis_","0","0","0"
"378","Amycolatopsis_japonica_","22","22","0"
"379","Amycolatopsis_vancoresmycina_","0","0","0"
"380","Carnobacterium_sp._17-4_","52","52","0"
"381","Streptococcus_mutans_UA159_","38","38","38"
"382","Streptococcus_agalactiae_NEM316_","0","0","0"
"383","Allokutzneria_albata_","0","0","0"
"384","Chlorogloeopsis_fritschii_PCC_6912_","0","0","0"
"385","Shewanella_oneidensis_MR-1_","148","148","71"
"386","Anaplasma_phagocytophilum_str._HZ_","43","43","43"
"387","Yersinia_pestis_CO92_","62","69","0"
"388","Enhygromyxa_salina_","0","0","0"
"389","Pseudomonas_rhizosphaerae_","24","24","0"
"390","Croceibacter_atlanticus_HTCC2559_","0","0","0"
"391","Burkholderia_cenocepacia_J2315_","171","145","98"
"392","Mycobacterium_marinum_M_","129","195","71"
"393","Pseudomonas_fluorescens_SBW25_","216","216","81"
"394","Rhizobium_leguminosarum_bv._viciae_3841_","121","121","73"
"395","Bifidobacterium_longum_","0","0","0"
"396","Bifidobacterium_psychraerophilum_","0","0","0"
"397","Bacillus_vietnamensis_","0","0","0"
"398","Pectobacterium_atrosepticum_SCRI1043_","183","152","77"
"399","Salmonella_bongori_NCTC_12419_","93","92","75"
"400","Streptococcus_uberis_0140J_","50","50","50"
"401","Chlamydophila_abortus_S26-3_","0","0","0"
"402","Micromonospora_sp._ATCC_39149_","0","0","0"
"403","Salmonella_enterica_subsp._enterica_serovar_Typhi_str._CT18_","Salmonella_enterica_subsp._enterica_serovar_Typhi_str._CT18_","Salmonella_enterica_subsp._enterica_serovar_Typhi_str._CT18_","Salmonella_enterica_subsp._enterica_serovar_Typhi_str._CT18_"
"404","Pseudomonas_protegens_Pf-5_","271","271","76"
"405","Lactobacillus_plantarum_WCFS1_","135","146","104"
"406","Treponema_putidum_","0","0","0"
"407","Oceanobacillus_iheyensis_HTE831_","Oceanobacillus_iheyensis_HTE831_","Oceanobacillus_iheyensis_HTE831_","Oceanobacillus_iheyensis_HTE831_"
"408","Mastigocladopsis_repens_PCC_10914_","0","0","0"
"409","Synechococcus_sp._RS9916_","0","0","0"
"410","Synechococcus_sp._RS9917_","0","0","0"
"411","Mannheimia_succiniciproducens_MBEL55E_","78","104","53"
"412","Frankia_sp._BMG5.12_","0","0","0"
"413","Neorickettsia_sennetsu_str._Miyayama_","38","38","44"
"414","Kocuria_marina_","0","0","0"
"415","Pseudomonas_syringae_pv._tomato_str._DC3000_","364","351","72"
"416","Vibrio_parahaemolyticus_RIMD_2210633_","Vibrio_parahaemolyticus_RIMD_2210633_","Vibrio_parahaemolyticus_RIMD_2210633_","Vibrio_parahaemolyticus_RIMD_2210633_"
"417","Bacillus_subtilis_subsp._subtilis_str._168_","172","172","0"
"418","Aquifex_aeolicus_VF5_","63","88","43"
"419","Bradyrhizobium_diazoefficiens_USDA_110_","Bradyrhizobium_diazoefficiens_USDA_110_","Bradyrhizobium_diazoefficiens_USDA_110_","Bradyrhizobium_diazoefficiens_USDA_110_"
"420","Brucella_melitensis_bv._1_str._16M_","83","83","63"
"421","Buchnera_aphidicola_str._Bp_","34","34","34"
"422","Shewanella_piezotolerans_WP3_","29","29","0"
"423","Marinobacter_adhaerens_HP15_","92","106","61"
"424","Enterococcus_faecalis_V583_","26","26","0"
"425","Bacteroides_thetaiotaomicron_VPI-5482_","34","34","34"
"426","Coxiella_burnetii_RSA_493_","82","82","63"
"427","Streptomyces_avermitilis_MA-4680_=_NBRC_14893_","34","59","0"
"428","Chlamydophila_caviae_GPIC_","54","54","42"
"429","Actinobacillus_pleuropneumoniae_serovar_1_str._4074_","80","80","0"
"430","Hyphomonas_neptunium_ATCC_15444_","77","117","57"
"431","Nitrosomonas_europaea_ATCC_19718_","55","100","55"
"432","Beijerinckia_mobilis_","0","0","0"
"433","Halomonas_alkaliantarctica_","0","0","0"
"434","Synechococcus_sp._CB0101_","0","0","0"
"435","Acidovorax_sp._JS42_","32","61","0"
"436","Haemophilus_ducreyi_35000HP_","27","49","27"
"437","Candidatus_Solibacter_usitatus_Ellin6076_","0","0","0"
"438","Rhodococcus_erythropolis_PR4_","80","85","80"
"439","Anaplasma_marginale_str._St._Maries_","49","49","32"
"440","Pseudoalteromonas_sp._SM9913_","27","27","26"
"441","Helicobacter_hepaticus_ATCC_51449_","106","106","44"
"442","Geobacillus_kaustophilus_HTA426_","42","42","0"
"443","Streptacidiphilus_jiangxiensis_","0","0","0"
"444","Alcanivorax_sp._DG881_","18","18","0"
"445","Chryseobacterium_formosense_","0","0","0"
"446","Candidatus_Scalindua_brodae_","32","34","14"
"447","Pseudomonas_alkylphenolia_","63","103","0"
"448","Erythrobacter_sp._NAP1_","0","0","0"
"449","Acidobacterium_capsulatum_ATCC_51196_","73","95","39"
"450","Verrucomicrobium_spinosum_DSM_4136_=_JCM_18804_","0","0","0"
"451","Anabaena_variabilis_ATCC_29413_","27","27","0"
"452","Halobacillus_dabanensis_","132","132","82"
"453","Porphyromonas_gingivalis_W83_","39","39","62"
"454","Rhodopirellula_baltica_SH_1_","66","215","36"
"455","Acidithiobacillus_ferrooxidans_ATCC_23270_","62","94","14"
"456","Burkholderia_mallei_ATCC_23344_","28","28","0"
"457","Chlamydia_muridarum_str._Nigg_","59","59","41"
"458","Dehalococcoides_mccartyi_195_","67","67","52"
"459","Deinococcus_radiodurans_R1_","63","63","45"
"460","Geobacter_sulfurreducens_PCA_","98","98","0"
"461","Methylococcus_capsulatus_str._Bath_","0","27","0"
"462","Photorhabdus_luminescens_subsp._laumondii_TTO1_","116","92","46"
"463","Mycoplasma_arthritidis_158L3-1_","60","60","45"
"464","Mycoplasma_genitalium_G37_","66","66","66"
"465","Thermotoga_maritima_MSB8_","49","49","49"
"466","Treponema_denticola_ATCC_35405_","75","75","75"
"467","Treponema_pallidum_subsp._pallidum_str._Nichols_","29","29","0"
"468","Vibrio_cholerae_O1_biovar_El_Tor_str._N16961_","161","161","101"
"469","Chromobacterium_violaceum_ATCC_12472_","182","182","146"
"470","Pseudomonas_lutea_","22","22","0"
"471","Candidatus_Caedibacter_acanthamoebae_","0","0","0"
"472","Candidatus_Paracaedibacter_symbiosus_","0","0","0"
"473","Carboxydothermus_hydrogenoformans_Z-2901_","34","34","0"
"474","Dichelobacter_nodosus_VCS1703A_","0","0","0"
"475","Mycobacterium_smegmatis_str._MC2_155_","181","181","87"
"476","Myxococcus_xanthus_DK_1622_","100","100","79"
"477","Ruminococcus_albus_8_","0","0","0"
"478","Ruegeria_pomeroyi_DSS-3_","122","122","64"
"479","Streptococcus_mitis_NCTC_12261_","0","60","8"
"480","Nocardia_farcinica_IFM_10152_","67","67","67"
"481","planctomycete_KSU-1_","20","20","0"
"482","marine_gamma_proteobacterium_HTCC2143_","26","26","0"
"483","marine_gamma_proteobacterium_HTCC2148_","30","30","0"
"484","marine_gamma_proteobacterium_HTCC2080_","0","0","0"
"485","Gloeobacter_violaceus_PCC_7421_","Gloeobacter_violaceus_PCC_7421_","Gloeobacter_violaceus_PCC_7421_","Gloeobacter_violaceus_PCC_7421_"
"486","Chroococcidiopsis_thermalis_PCC_7203_","21","21","0"
"487","Oceanicola_batsensis_HTCC2597_","22","22","0"
"488","Streptomyces_sp._C_","0","0","0"
"489","Ehrlichia_ruminantium_str._Welgevonden_","58","58","35"
"490","Dehalococcoides_mccartyi_CBDB1_","68","68","51"
"491","Bordetella_bronchiseptica_RB50_","192","192","76"
"492","Bordetella_pertussis_Tohama_I_","138","138","57"
"493","Lactobacillus_johnsonii_NCC_533_","0","0","0"
"494","Rickettsia_typhi_str._Wilmington_","75","75","42"
"495","Kitasatospora_arboriphila_","0","0","0"
"496","Mycobacterium_cosmeticum_","55","55","0"
"497","Rhodopseudomonas_palustris_CGA009_","150","150","77"
"498","Psychrobacter_arcticus_273-4_","70","65","41"
"499","Bacillus_anthracis_str._Sterne_","108","108","78"
"500","Nitrosomonas_sp._Is79A3_","0","0","0"
"501","Buchnera_aphidicola_","42","42","42"
"502","Mycobacterium_avium_subsp._paratuberculosis_K-10_","134","121","60"
"503","Exiguobacterium_sibiricum_255-15_","0","0","0"
"504","Mycoplasma_hyopneumoniae_J_","58","58","58"
"505","Mycoplasma_synoviae_53_","41","41","41"
"506","Thermus_thermophilus_HB27_","15","15","0"
"507","Onion_yellows_phytoplasma_OY-M_","0","0","0"
"508","Verrucosispora_maris_AB-18-032_","0","0","0"
"509","Ralstonia_eutropha_JMP134_","59","65","0"
"510","Streptococcus_thermophilus_LMG_18311_","0","0","0"
"511","Candidatus_Protochlamydia_amoebophila_UWE25_","91","96","72"
"512","Chlamydophila_felis_Fe-C-56_","59","59","39"
"513","Zymomonas_mobilis_subsp._mobilis_ZM4_=_ATCC_31821_","0","0","0"
"514","Bdellovibrio_bacteriovorus_HD100_","118","149","81"
"515","Pseudomonas_syringae_pv._phaseolicola_1448A_","185","185","0"
"516","Prevotella_ruminicola_23_","25","25","25"
"517","Moorella_thermoacetica_ATCC_39073_","31","31","0"
"518","Methylobacillus_flagellatus_KT_","23","23","0"
"519","Mesoplasma_florum_L1_","0","0","0"
"520","Bacillus_cibi_","0","0","0"
"521","Rubrobacter_xylanophilus_DSM_9941_","0","47","0"
"522","Cupriavidus_metallidurans_CH34_","73","105","0"
"523","Burkholderia_xenovorans_LB400_","40","95","0"
"524","Chryseobacterium_antarcticum_","0","0","0"
"525","Porphyromonas_gingivicanis_","0","0","0"
"526","Chelativorans_sp._BNC1_","26","26","0"
"527","Thalassobacter_stenotrophicus_","35","156","0"
"528","Sinorhizobium_meliloti_1021_","119","119","61"
"529","Mesorhizobium_loti_MAFF303099_","Mesorhizobium_loti_MAFF303099_","Mesorhizobium_loti_MAFF303099_","Mesorhizobium_loti_MAFF303099_"
"530","Kineococcus_radiotolerans_SRS30216_=_ATCC_BAA-149_","0","0","0"
"531","Ralstonia_solanacearum_GMI1000_","249","249","73"
"532","Propionibacterium_acnes_KPA171202_","0","0","0"
"533","Mycoplasma_mobile_163K_","81","81","51"
"534","Paenibacillus_wynnii_","30","30","0"
"535","Synechococcus_elongatus_PCC_6301_","43","52","64"
"536","Burkholderia_vietnamiensis_G4_","31","31","0"
"537","Ehrlichia_canis_str._Jake_","0","0","0"
"538","Rhodospirillum_rubrum_ATCC_11170_","30","30","0"
"539","Cytophaga_hutchinsonii_ATCC_33406_","66","74","49"
"540","Geobacter_metallireducens_GS-15_","135","135","88"
"541","Thermobifida_fusca_YX_","0","0","0"
"542","Marinobacter_sp._ELB17_","19","52","0"
"543","Anabaena_cylindrica_PCC_7122_","20","20","0"
"544","Leptolyngbya_boryana_PCC_6306_","0","0","0"
"545","Aggregatibacter_actinomycetemcomitans_HK1651_","23","23","0"
"546","Bacillus_halodurans_C-125_","Bacillus_halodurans_C-125_","Bacillus_halodurans_C-125_","Bacillus_halodurans_C-125_"
"547","Bacteroides_fragilis_NCTC_9343_","151","157","101"
"548","Burkholderia_pseudomallei_K96243_","105","113","74"
"549","Clostridium_acetobutylicum_ATCC_824_","68","68","0"
"550","Peptoclostridium_difficile_630_","83","83","43"
"551","Gluconacetobacter_diazotrophicus_PA1_5_","121","184","54"
"552","Lactobacillus_acidophilus_NCFM_","30","30","3"
"553","Lactococcus_lactis_subsp._lactis_Il1403_","25","25","34"
"554","Legionella_pneumophila_subsp._pneumophila_str._Philadelphia_1_","59","83","59"
"555","Listeria_innocua_Clip11262_","66","66","14"
"556","Methylobacterium_extorquens_AM1_","116","186","62"
